0,1,2,3,4,5,6,7,8,9
0.00000000,0.00000000,0.00000000,0.00000000,0.00000000,0.00000000,0.00000000,0.00000000,0.00000000,0.00000000
5.00000000,0.00000000,650.00000000,30.00000000,0.00000000,1.00000000,0.00000000,0.00000000,0.00000000,0.00500000
5.00000000,0.00000000,650.00000000,30.00000000,0.00000000,1.00000000,0.00000000,0.00000000,0.00000000,0.01000000
5.00000000,0.00000000,650.00000000,30.00000000,0.00000000,1.00000000,0.00000000,0.00000000,0.00000000,0.01500000
5.00000000,0.00000000,650.00000000,30.00000000,0.00000000,1.00000000,0.00000000,0.00000000,0.00000000,0.02000000
5.00000000,0.00000000,650.00000000,30.00000000,0.00000000,1.00000000,0.00000000,0.00000000,0.00000000,0.02500000
5.00000000,0.00000000,650.00000000,30.00000000,0.00000000,1.00000000,0.00000000,0.00000000,0.00000000,0.03000000
5.00000000,0.00000000,650.00000000,30.00000000,0.00000000,1.00000000,0.00000000,0.00000000,0.00000000,0.03500000
5.00000000,0.00000000,650.00000000,30.00000000,0.00000000,1.00000000,0.00000000,0.00000000,0.00000000,0.04000000
5.00000000,0.00000000,650.00000000,30.00000000,0.00000000,1.00000000,0.00000000,0.00000000,0.00000000,0.04500000
5.00000000,0.00000000,650.00000000,30.00000000,0.00000000,1.00000000,0.00000000,0.00000000,0.00000000,0.05000000
5.00000000,0.00000000,650.00000000,30.00000000,0.00000000,1.00000000,0.00000000,0.00000000,0.00000000,0.05500000
5.00000000,0.00000000,650.00000000,30.00000000,0.00000000,1.00000000,0.00000000,0.00000000,0.00000000,0.06000000
5.00000000,0.00000000,650.00000000,30.00000000,0.00000000,1.00000000,0.00000000,0.00000000,0.00000000,0.06500000
5.00000000,0.00000000,650.00000000,30.00000000,0.00000000,1.00000000,0.00000000,0.00000000,0.00000000,0.07000000
5.00000000,0.00000000,650.00000000,30.00000000,0.00000000,1.00000000,0.00000000,0.00000000,0.00000000,0.07500000
5.00000000,0.00000000,650.00000000,30.00000000,0.00000000,1.00000000,0.00000000,0.00000000,0.00000000,0.08000000
5.00000000,0.00000000,650.00000000,30.00000000,0.00000000,1.00000000,0.00000000,0.00000000,0.00000000,0.08500000
5.00000000,0.00000000,650.00000000,30.00000000,0.00000000,1.00000000,0.00000000,0.00000000,0.00000000,0.09000000
5.00000000,0.00000000,650.00000000,30.00000000,0.00000000,1.00000000,0.00000000,0.00000000,0.00000000,0.09500000
5.00000000,0.00000000,0.00000000,30.00000000,0.00000000,1.00000000,0.00000000,0.00000000,0.00000000,0.10000000
5.00000000,0.00000000,0.00000000,30.00000000,0.00000000,1.00000000,0.00000000,0.00000000,0.00000000,0.10500000
5.00000000,0.00000000,0.00000000,30.00000000,0.00000000,1.00000000,0.00000000,0.00000000,0.00000000,0.11000000
5.00000000,0.00000000,0.00000000,30.00000000,0.00000000,1.00000000,0.00000000,0.00000000,0.00000000,0.11500000
5.00000000,0.00000000,0.00000000,30.00000000,0.00000000,1.00000000,0.00000000,0.00000000,0.00000000,0.12000000
5.00000000,0.00000000,0.00000000,30.00000000,0.00000000,1.00000000,0.00000000,0.00000000,0.00000000,0.12500000
5.00000000,0.00000000,0.00000000,30.00000000,0.00000000,1.00000000,0.00000000,0.00000000,0.00000000,0.13000000
5.00000000,0.00000000,0.00000000,30.00000000,0.00000000,1.00000000,0.00000000,0.00000000,0.00000000,0.13500000
5.00000000,0.00000000,0.00000000,30.00000000,0.00000000,1.00000000,0.00000000,0.00000000,0.00000000,0.14000000
5.00000000,0.00000000,0.00000000,30.00000000,0.00000000,1.00000000,0.00000000,0.00000000,0.00000000,0.14500000
5.00000000,0.00000000,0.00000000,30.00000000,0.00000000,1.00000000,0.00000000,0.00000000,0.00000000,0.15000000
5.00000000,0.00000000,0.00000000,30.00000000,0.00000000,1.00000000,0.00000000,0.00000000,0.00000000,0.15500000
5.00000000,0.00000000,0.00000000,30.00000000,0.00000000,1.00000000,0.00000000,0.00000000,0.00000000,0.16000000
5.00000000,0.00000000,0.00000000,30.00000000,0.00000000,1.00000000,0.00000000,0.00000000,0.00000000,0.16500000
5.00000000,0.00000000,0.00000000,30.00000000,0.00000000,1.00000000,0.00000000,0.00000000,0.00000000,0.17000000
5.00000000,0.00000000,0.00000000,30.00000000,0.00000000,1.00000000,0.00000000,0.00000000,0.00000000,0.17500000
5.00000000,0.00000000,0.00000000,30.00000000,0.00000000,1.00000000,0.00000000,0.00000000,0.00000000,0.18000000
5.00000000,0.00000000,0.00000000,30.00000000,0.00000000,1.00000000,0.00000000,0.00000000,0.00000000,0.18500000
5.00000000,0.00000000,0.00000000,30.00000000,0.00000000,1.00000000,0.00000000,0.00000000,0.00000000,0.19000000
5.00000000,0.00000000,0.00000000,30.00000000,0.00000000,1.00000000,0.00000000,0.00000000,0.00000000,0.19500000
5.00000000,0.00000000,0.00000000,30.00000000,0.00000000,1.00000000,0.00000000,0.00000000,0.00000000,0.20000000
5.00000000,0.00000000,0.00000000,30.00000000,0.00000000,1.00000000,0.00000000,0.00000000,0.00000000,0.20500000
5.00000000,0.00000000,0.00000000,30.00000000,0.00000000,1.00000000,0.00000000,0.00000000,0.00000000,0.21000000
5.00000000,0.00000000,0.00000000,30.00000000,0.00000000,1.00000000,0.00000000,0.00000000,0.00000000,0.21500000
5.00000000,0.00000000,0.00000000,30.00000000,0.00000000,1.00000000,0.00000000,0.00000000,0.00000000,0.22000000
5.00000000,0.00000000,0.00000000,30.00000000,0.00000000,1.00000000,0.00000000,0.00000000,0.00000000,0.22500000
5.00000000,0.00000000,0.00000000,30.00000000,0.00000000,1.00000000,0.00000000,0.00000000,0.00000000,0.23000000
5.00000000,0.00000000,0.00000000,30.00000000,0.00000000,1.00000000,0.00000000,0.00000000,0.00000000,0.23500000
5.00000000,0.00000000,0.00000000,30.00000000,0.00000000,1.00000000,0.00000000,0.00000000,0.00000000,0.24000000
5.00000000,0.00000000,0.00000000,30.00000000,0.00000000,1.00000000,0.00000000,0.00000000,0.00000000,0.24500000
5.00000000,0.00000000,0.00000000,30.00000000,0.00000000,1.00000000,0.00000000,0.00000000,0.00000000,0.25000000
5.00000000,0.00000000,0.00000000,30.00000000,0.00000000,1.00000000,0.00000000,0.00000000,0.00000000,0.25500000
5.00000000,0.00000000,0.00000000,30.00000000,0.00000000,1.00000000,0.00000000,0.00000000,0.00000000,0.26000000
5.00000000,0.00000000,0.00000000,30.00000000,0.00000000,1.00000000,0.00000000,0.00000000,0.00000000,0.26500000
5.00000000,0.00000000,0.00000000,30.00000000,0.00000000,1.00000000,0.00000000,0.00000000,0.00000000,0.27000000
5.00000000,0.00000000,0.00000000,30.00000000,0.00000000,1.00000000,0.00000000,0.00000000,0.00000000,0.27500000
5.00000000,0.00000000,0.00000000,30.00000000,0.00000000,1.00000000,0.00000000,0.00000000,0.00000000,0.28000000
5.00000000,0.00000000,0.00000000,30.00000000,0.00000000,1.00000000,0.00000000,0.00000000,0.00000000,0.28500000
5.00000000,0.00000000,0.00000000,30.00000000,0.00000000,1.00000000,0.00000000,0.00000000,0.00000000,0.29000000
5.00000000,0.00000000,0.00000000,30.00000000,0.00000000,1.00000000,0.00000000,0.00000000,0.00000000,0.29500000
5.00000000,-8.00000000,650.00000000,30.00000000,0.00000000,1.00000000,0.00000000,0.00000000,0.00000000,0.30000000
5.00000000,-8.00000000,650.00000000,30.00000000,0.00000000,1.00000000,0.00000000,0.00000000,0.00000000,0.30500000
5.00000000,-8.00000000,650.00000000,30.00000000,0.00000000,1.00000000,0.00000000,0.00000000,0.00000000,0.31000000
5.00000000,-8.00000000,650.00000000,30.00000000,0.00000000,1.00000000,0.00000000,0.00000000,0.00000000,0.31500000
5.00000000,0.00000000,0.00000000,30.00000000,0.00000000,1.00000000,0.00000000,0.00000000,0.00000000,0.32000000
5.00000000,0.00000000,0.00000000,30.00000000,0.00000000,1.00000000,0.00000000,0.00000000,0.00000000,0.32500000
5.00000000,0.00000000,0.00000000,30.00000000,0.00000000,1.00000000,0.00000000,0.00000000,0.00000000,0.33000000
5.00000000,0.00000000,0.00000000,30.00000000,0.00000000,1.00000000,0.00000000,0.00000000,0.00000000,0.33500000
5.00000000,0.00000000,0.00000000,30.00000000,0.00000000,1.00000000,0.00000000,0.00000000,0.00000000,0.34000000
5.00000000,0.00000000,0.00000000,30.00000000,0.00000000,1.00000000,0.00000000,0.00000000,0.00000000,0.34500000
5.00000000,0.00000000,650.00000000,30.00000000,0.00000000,1.00000000,0.00000000,0.00000000,0.00000000,0.35000000
5.00000000,0.00000000,650.00000000,30.00000000,0.00000000,1.00000000,0.00000000,0.00000000,0.00000000,0.35500000
5.00000000,0.00000000,650.00000000,30.00000000,0.00000000,1.00000000,0.00000000,0.00000000,0.00000000,0.36000000
5.00000000,0.00000000,650.00000000,30.00000000,0.00000000,1.00000000,0.00000000,0.00000000,0.00000000,0.36500000
5.00000000,0.00000000,650.00000000,30.00000000,0.00000000,1.00000000,0.00000000,0.00000000,0.00000000,0.37000000
5.00000000,0.00000000,650.00000000,30.00000000,0.00000000,1.00000000,0.00000000,0.00000000,0.00000000,0.37500000
5.00000000,0.00000000,650.00000000,30.00000000,0.00000000,1.00000000,0.00000000,0.00000000,0.00000000,0.38000000
5.00000000,0.00000000,650.00000000,30.00000000,0.00000000,1.00000000,0.00000000,0.00000000,0.00000000,0.38500000
5.00000000,0.00000000,650.00000000,30.00000000,0.00000000,1.00000000,0.00000000,0.00000000,0.00000000,0.39000000
5.00000000,0.00000000,650.00000000,30.00000000,0.00000000,1.00000000,0.00000000,0.00000000,0.00000000,0.39500000
5.00000000,0.00000000,650.00000000,30.00000000,0.00000000,1.00000000,0.00000000,0.00000000,0.00000000,0.40000000
5.00000000,0.00000000,650.00000000,30.00000000,0.00000000,1.00000000,0.00000000,0.00000000,0.00000000,0.40500000
5.00000000,0.00000000,650.00000000,30.00000000,0.00000000,1.00000000,0.00000000,0.00000000,0.00000000,0.41000000
5.00000000,0.00000000,650.00000000,30.00000000,0.00000000,1.00000000,0.00000000,0.00000000,0.00000000,0.41500000
5.00000000,0.00000000,650.00000000,30.00000000,0.00000000,1.00000000,0.00000000,0.00000000,0.00000000,0.42000000
5.00000000,0.00000000,650.00000000,30.00000000,0.00000000,1.00000000,0.00000000,0.00000000,0.00000000,0.42500000
5.00000000,0.00000000,650.00000000,30.00000000,0.00000000,1.00000000,0.00000000,0.00000000,0.00000000,0.43000000
5.00000000,0.00000000,650.00000000,30.00000000,0.00000000,1.00000000,0.00000000,0.00000000,0.00000000,0.43500000
5.00000000,0.00000000,650.00000000,30.00000000,0.00000000,1.00000000,0.00000000,0.00000000,0.00000000,0.44000000
5.00000000,0.00000000,650.00000000,30.00000000,0.00000000,1.00000000,0.00000000,0.00000000,0.00000000,0.44500000
5.00000000,0.00000000,650.00000000,30.00000000,0.00000000,1.00000000,0.00000000,0.00000000,0.00000000,0.45000000
5.00000000,0.00000000,650.00000000,30.00000000,0.00000000,1.00000000,0.00000000,0.00000000,0.00000000,0.45500000
5.00000000,0.00000000,650.00000000,30.00000000,0.00000000,1.00000000,0.00000000,0.00000000,0.00000000,0.46000000
5.00000000,0.00000000,650.00000000,30.00000000,0.00000000,1.00000000,0.00000000,0.00000000,0.00000000,0.46500000
5.00000000,0.00000000,650.00000000,30.00000000,0.00000000,1.00000000,0.00000000,0.00000000,0.00000000,0.47000000
5.00000000,0.00000000,650.00000000,30.00000000,0.00000000,1.00000000,0.00000000,0.00000000,0.00000000,0.47500000
5.00000000,0.00000000,650.00000000,30.00000000,0.00000000,1.00000000,0.00000000,0.00000000,0.00000000,0.48000000
5.00000000,0.00000000,650.00000000,30.00000000,0.00000000,1.00000000,0.00000000,0.00000000,0.00000000,0.48500000
5.00000000,0.00000000,650.00000000,30.00000000,0.00000000,1.00000000,0.00000000,0.00000000,0.00000000,0.49000000
5.00000000,0.00000000,650.00000000,30.00000000,0.00000000,1.00000000,0.00000000,0.00000000,0.00000000,0.49500000
5.00000000,0.00000000,650.00000000,30.00000000,0.00000000,1.00000000,0.00000000,0.00000000,0.00000000,0.50000000
5.00000000,0.00000000,650.00000000,30.00000000,0.00000000,1.00000000,0.00000000,0.00000000,0.00000000,0.50500000
5.00000000,0.00000000,650.00000000,30.00000000,0.00000000,1.00000000,0.00000000,0.00000000,0.00000000,0.51000000
5.00000000,0.00000000,650.00000000,30.00000000,0.00000000,1.00000000,0.00000000,0.00000000,0.00000000,0.51500000
5.00000000,0.00000000,650.00000000,30.00000000,0.00000000,1.00000000,0.00000000,0.00000000,0.00000000,0.52000000
5.00000000,0.00000000,650.00000000,30.00000000,0.00000000,1.00000000,0.00000000,0.00000000,0.00000000,0.52500000
5.00000000,3.00000000,700.00000000,30.00000000,0.00000000,1.00000000,0.00000000,0.00000000,0.00000000,0.53000000
5.00000000,3.00000000,700.00000000,30.00000000,0.00000000,1.00000000,0.00000000,0.00000000,0.00000000,0.53500000
5.00000000,3.00000000,700.00000000,30.00000000,0.00000000,1.00000000,0.00000000,0.00000000,0.00000000,0.54000000
5.00000000,3.00000000,700.00000000,30.00000000,0.00000000,1.00000000,0.00000000,0.00000000,0.00000000,0.54500000
5.00000000,3.00000000,700.00000000,30.00000000,0.00000000,1.00000000,0.00000000,0.00000000,0.00000000,0.55000000
5.00000000,3.00000000,700.00000000,30.00000000,0.00000000,1.00000000,0.00000000,0.00000000,0.00000000,0.55500000
5.00000000,3.00000000,700.00000000,30.00000000,0.00000000,1.00000000,0.00000000,0.00000000,0.00000000,0.56000000
5.00000000,3.00000000,700.00000000,30.00000000,0.00000000,1.00000000,0.00000000,0.00000000,0.00000000,0.56500000
5.00000000,3.00000000,700.00000000,30.00000000,0.00000000,1.00000000,0.00000000,0.00000000,0.00000000,0.57000000
5.00000000,3.00000000,700.00000000,30.00000000,0.00000000,1.00000000,0.00000000,0.00000000,0.00000000,0.57500000
5.00000000,3.00000000,700.00000000,30.00000000,0.00000000,1.00000000,0.00000000,0.00000000,0.00000000,0.58000000
5.00000000,3.00000000,700.00000000,30.00000000,0.00000000,1.00000000,0.00000000,0.00000000,0.00000000,0.58500000
5.00000000,0.00000000,500.00000000,30.00000000,0.00000000,1.00000000,0.00000000,0.00000000,0.00000000,0.59000000
5.00000000,0.00000000,500.00000000,30.00000000,0.00000000,1.00000000,0.00000000,0.00000000,0.00000000,0.59500000
5.00000000,0.00000000,500.00000000,30.00000000,0.00000000,1.00000000,0.00000000,0.00000000,0.00000000,0.60000000
5.00000000,0.00000000,500.00000000,30.00000000,0.00000000,1.00000000,0.00000000,0.00000000,0.00000000,0.60500000
5.00000000,0.00000000,500.00000000,30.00000000,0.00000000,1.00000000,0.00000000,0.00000000,0.00000000,0.61000000
5.00000000,0.00000000,500.00000000,30.00000000,0.00000000,1.00000000,0.00000000,0.00000000,0.00000000,0.61500000
5.00000000,0.00000000,500.00000000,30.00000000,0.00000000,1.00000000,0.00000000,0.00000000,0.00000000,0.62000000
5.00000000,0.00000000,500.00000000,30.00000000,0.00000000,1.00000000,0.00000000,0.00000000,0.00000000,0.62500000
5.00000000,0.00000000,500.00000000,30.00000000,0.00000000,1.00000000,0.00000000,0.00000000,0.00000000,0.63000000
5.00000000,0.00000000,500.00000000,30.00000000,0.00000000,1.00000000,0.00000000,0.00000000,0.00000000,0.63500000
5.00000000,0.00000000,500.00000000,30.00000000,0.00000000,1.00000000,0.00000000,0.00000000,0.00000000,0.64000000
5.00000000,0.00000000,500.00000000,30.00000000,0.00000000,1.00000000,0.00000000,0.00000000,0.00000000,0.64500000
5.00000000,0.00000000,500.00000000,30.00000000,0.00000000,1.00000000,0.00000000,0.00000000,0.00000000,0.65000000
5.00000000,0.00000000,500.00000000,30.00000000,0.00000000,1.00000000,0.00000000,0.00000000,0.00000000,0.65500000
5.00000000,0.00000000,500.00000000,30.00000000,0.00000000,1.00000000,0.00000000,0.00000000,0.00000000,0.66000000
5.00000000,0.00000000,500.00000000,30.00000000,0.00000000,1.00000000,0.00000000,0.00000000,0.00000000,0.66500000
5.00000000,0.00000000,500.00000000,50.00000000,0.00000000,1.00000000,0.00000000,0.00000000,0.00000000,0.67000000
5.00000000,0.00000000,500.00000000,50.00000000,0.00000000,1.00000000,0.00000000,0.00000000,0.00000000,0.67500000
5.00000000,0.00000000,500.00000000,50.00000000,0.00000000,1.00000000,0.00000000,0.00000000,0.00000000,0.68000000
5.00000000,0.00000000,500.00000000,50.00000000,0.00000000,1.00000000,0.00000000,0.00000000,0.00000000,0.68500000
5.00000000,0.00000000,500.00000000,50.00000000,0.00000000,1.00000000,0.00000000,0.00000000,0.00000000,0.69000000
5.00000000,0.00000000,500.00000000,50.00000000,0.00000000,1.00000000,0.00000000,0.00000000,0.00000000,0.69500000
5.00000000,0.00000000,500.00000000,50.00000000,0.00000000,1.00000000,0.00000000,0.00000000,0.00000000,0.70000000
5.00000000,0.00000000,500.00000000,50.00000000,0.00000000,1.00000000,0.00000000,0.00000000,0.00000000,0.70500000
5.00000000,0.00000000,500.00000000,50.00000000,0.00000000,1.00000000,0.00000000,0.00000000,0.00000000,0.71000000
5.00000000,0.00000000,500.00000000,50.00000000,0.00000000,1.00000000,0.00000000,0.00000000,0.00000000,0.71500000
5.00000000,0.00000000,500.00000000,50.00000000,0.00000000,1.00000000,0.00000000,0.00000000,0.00000000,0.72000000
5.00000000,0.00000000,500.00000000,50.00000000,0.00000000,1.00000000,0.00000000,0.00000000,0.00000000,0.72500000
5.00000000,0.00000000,500.00000000,50.00000000,0.00000000,1.00000000,0.00000000,0.00000000,0.00000000,0.73000000
5.00000000,10.00000000,0.00000000,50.00000000,0.00000000,1.00000000,0.00000000,0.00000000,0.00000000,0.73500000
5.00000000,10.00000000,0.00000000,50.00000000,0.00000000,1.00000000,0.00000000,0.00000000,0.00000000,0.74000000
5.00000000,10.00000000,0.00000000,50.00000000,0.00000000,1.00000000,0.00000000,0.00000000,0.00000000,0.74500000
5.00000000,10.00000000,0.00000000,50.00000000,0.00000000,1.00000000,0.00000000,0.00000000,0.00000000,0.75000000
5.00000000,10.00000000,0.00000000,50.00000000,0.00000000,1.00000000,0.00000000,0.00000000,0.00000000,0.75500000
5.00000000,10.00000000,0.00000000,50.00000000,0.00000000,1.00000000,0.00000000,0.00000000,0.00000000,0.76000000
5.00000000,10.00000000,0.00000000,50.00000000,0.00000000,1.00000000,0.00000000,0.00000000,0.00000000,0.76500000
5.00000000,10.00000000,0.00000000,50.00000000,0.00000000,1.00000000,0.00000000,0.00000000,0.00000000,0.77000000
5.00000000,10.00000000,0.00000000,50.00000000,0.00000000,1.00000000,0.00000000,0.00000000,0.00000000,0.77500000
5.00000000,10.00000000,0.00000000,50.00000000,0.00000000,1.00000000,0.00000000,0.00000000,0.00000000,0.78000000
5.00000000,10.00000000,0.00000000,50.00000000,0.00000000,1.00000000,0.00000000,0.00000000,0.00000000,0.78500000
5.00000000,10.00000000,0.00000000,50.00000000,0.00000000,1.00000000,0.00000000,0.00000000,0.00000000,0.79000000
5.00000000,10.00000000,0.00000000,50.00000000,0.00000000,1.00000000,0.00000000,0.00000000,0.00000000,0.79500000
5.00000000,10.00000000,0.00000000,50.00000000,0.00000000,1.00000000,0.00000000,0.00000000,0.00000000,0.80000000
5.00000000,10.00000000,0.00000000,50.00000000,0.00000000,1.00000000,0.00000000,0.00000000,0.00000000,0.80500000
5.00000000,10.00000000,0.00000000,50.00000000,0.00000000,1.00000000,0.00000000,0.00000000,0.00000000,0.81000000
5.00000000,5.00000000,500.00000000,50.00000000,0.00000000,1.00000000,0.00000000,0.00000000,0.00000000,0.81500000
5.00000000,5.00000000,500.00000000,50.00000000,0.00000000,1.00000000,0.00000000,0.00000000,0.00000000,0.82000000
5.00000000,5.00000000,500.00000000,50.00000000,0.00000000,1.00000000,0.00000000,0.00000000,0.00000000,0.82500000
5.00000000,5.00000000,500.00000000,50.00000000,0.00000000,1.00000000,0.00000000,0.00000000,0.00000000,0.83000000
5.00000000,-15.00000000,0.00000000,50.00000000,0.00000000,1.00000000,0.00000000,0.00000000,0.00000000,0.83500000
5.00000000,-15.00000000,0.00000000,50.00000000,0.00000000,1.00000000,0.00000000,0.00000000,0.00000000,0.84000000
5.00000000,-15.00000000,0.00000000,50.00000000,0.00000000,1.00000000,0.00000000,0.00000000,0.00000000,0.84500000
5.00000000,-15.00000000,0.00000000,50.00000000,0.00000000,1.00000000,0.00000000,0.00000000,0.00000000,0.85000000
5.00000000,-15.00000000,0.00000000,50.00000000,0.00000000,1.00000000,0.00000000,0.00000000,0.00000000,0.85500000
5.00000000,-15.00000000,0.00000000,50.00000000,0.00000000,1.00000000,0.00000000,0.00000000,0.00000000,0.86000000
5.00000000,-15.00000000,0.00000000,50.00000000,0.00000000,1.00000000,0.00000000,0.00000000,0.00000000,0.86500000
5.00000000,-15.00000000,0.00000000,50.00000000,0.00000000,1.00000000,0.00000000,0.00000000,0.00000000,0.87000000
5.00000000,-15.00000000,0.00000000,95.00000000,0.00000000,1.00000000,0.00000000,0.00000000,0.00000000,0.87500000
5.00000000,-15.00000000,0.00000000,95.00000000,0.00000000,1.00000000,0.00000000,0.00000000,0.00000000,0.88000000
5.00000000,-15.00000000,0.00000000,95.00000000,0.00000000,1.00000000,0.00000000,0.00000000,0.00000000,0.88500000
5.00000000,-15.00000000,0.00000000,95.00000000,0.00000000,1.00000000,0.00000000,0.00000000,0.00000000,0.89000000
5.00000000,-15.00000000,0.00000000,95.00000000,0.00000000,1.00000000,0.00000000,0.00000000,0.00000000,0.89500000
5.00000000,-15.00000000,0.00000000,95.00000000,0.00000000,1.00000000,0.00000000,0.00000000,0.00000000,0.90000000
5.00000000,-15.00000000,0.00000000,95.00000000,0.00000000,1.00000000,0.00000000,0.00000000,0.00000000,0.90500000
5.00000000,-15.00000000,0.00000000,95.00000000,0.00000000,1.00000000,0.00000000,0.00000000,0.00000000,0.91000000
5.00000000,-15.00000000,0.00000000,95.00000000,0.00000000,1.00000000,0.00000000,0.00000000,0.00000000,0.91500000
5.00000000,-15.00000000,0.00000000,95.00000000,0.00000000,1.00000000,0.00000000,0.00000000,0.00000000,0.92000000
5.00000000,-15.00000000,0.00000000,95.00000000,0.00000000,1.00000000,0.00000000,0.00000000,0.00000000,0.92500000
5.00000000,-15.00000000,0.00000000,95.00000000,0.00000000,1.00000000,0.00000000,0.00000000,0.00000000,0.93000000
5.00000000,-15.00000000,500.00000000,70.00000000,0.00000000,1.00000000,0.00000000,0.00000000,0.00000000,0.93500000
5.00000000,-15.00000000,500.00000000,70.00000000,0.00000000,1.00000000,0.00000000,0.00000000,0.00000000,0.94000000
5.00000000,-15.00000000,500.00000000,70.00000000,0.00000000,1.00000000,0.00000000,0.00000000,0.00000000,0.94500000
5.00000000,-15.00000000,500.00000000,70.00000000,0.00000000,1.00000000,0.00000000,0.00000000,0.00000000,0.95000000
5.00000000,-15.00000000,500.00000000,70.00000000,0.00000000,1.00000000,0.00000000,0.00000000,0.00000000,0.95500000
5.00000000,-15.00000000,500.00000000,70.00000000,0.00000000,1.00000000,0.00000000,0.00000000,0.00000000,0.96000000
5.00000000,-15.00000000,500.00000000,70.00000000,0.00000000,1.00000000,0.00000000,0.00000000,0.00000000,0.96500000
5.00000000,-15.00000000,500.00000000,70.00000000,0.00000000,1.00000000,0.00000000,0.00000000,0.00000000,0.97000000
5.00000000,-15.00000000,0.00000000,70.00000000,0.00000000,1.00000000,0.00000000,0.00000000,0.00000000,0.97500000
5.00000000,-15.00000000,0.00000000,70.00000000,0.00000000,1.00000000,0.00000000,0.00000000,0.00000000,0.98000000
5.00000000,-15.00000000,0.00000000,70.00000000,0.00000000,1.00000000,0.00000000,0.00000000,0.00000000,0.98500000
5.00000000,-15.00000000,0.00000000,70.00000000,0.00000000,1.00000000,0.00000000,0.00000000,0.00000000,0.99000000
5.00000000,0.00000000,0.00000000,70.00000000,0.00000000,1.00000000,0.00000000,0.00000000,0.00000000,0.99500000
5.00000000,0.00000000,0.00000000,70.00000000,0.00000000,1.00000000,0.00000000,0.00000000,0.00000000,1.00000000
5.00000000,0.00000000,0.00000000,70.00000000,0.00000000,1.00000000,0.00000000,0.00000000,0.00000000,1.00500000
5.00000000,0.00000000,0.00000000,70.00000000,0.00000000,1.00000000,0.00000000,0.00000000,0.00000000,1.01000000
5.00000000,0.00000000,0.00000000,70.00000000,0.00000000,1.00000000,0.00000000,0.00000000,0.00000000,1.01500000
5.00000000,0.00000000,0.00000000,70.00000000,0.00000000,1.00000000,0.00000000,0.00000000,0.00000000,1.02000000
5.00000000,0.00000000,0.00000000,70.00000000,0.00000000,1.00000000,0.00000000,0.00000000,0.00000000,1.02500000
5.00000000,0.00000000,0.00000000,70.00000000,0.00000000,1.00000000,0.00000000,0.00000000,0.00000000,1.03000000
5.00000000,0.00000000,0.00000000,70.00000000,0.00000000,1.00000000,0.00000000,0.00000000,0.00000000,1.03500000
5.00000000,0.00000000,0.00000000,70.00000000,0.00000000,1.00000000,0.00000000,0.00000000,0.00000000,1.04000000
5.00000000,0.00000000,0.00000000,70.00000000,0.00000000,1.00000000,0.00000000,0.00000000,0.00000000,1.04500000
5.00000000,0.00000000,0.00000000,70.00000000,0.00000000,1.00000000,0.00000000,0.00000000,0.00000000,1.05000000
5.00000000,0.00000000,0.00000000,70.00000000,0.00000000,1.00000000,0.00000000,0.00000000,0.00000000,1.05500000
5.00000000,0.00000000,0.00000000,70.00000000,0.00000000,1.00000000,0.00000000,0.00000000,0.00000000,1.06000000
5.00000000,0.00000000,0.00000000,70.00000000,0.00000000,1.00000000,0.00000000,0.00000000,0.00000000,1.06500000
5.00000000,0.00000000,0.00000000,70.00000000,0.00000000,1.00000000,0.00000000,0.00000000,0.00000000,1.07000000
5.00000000,0.00000000,0.00000000,70.00000000,0.00000000,1.00000000,0.00000000,0.00000000,0.00000000,1.07500000
5.00000000,0.00000000,0.00000000,70.00000000,0.00000000,1.00000000,0.00000000,0.00000000,0.00000000,1.08000000
5.00000000,0.00000000,0.00000000,70.00000000,0.00000000,1.00000000,0.00000000,0.00000000,0.00000000,1.08500000
5.00000000,0.00000000,0.00000000,70.00000000,0.00000000,1.00000000,0.00000000,0.00000000,0.00000000,1.09000000
5.00000000,0.00000000,0.00000000,70.00000000,0.00000000,1.00000000,0.00000000,0.00000000,0.00000000,1.09500000
5.00000000,0.00000000,0.00000000,70.00000000,0.00000000,1.00000000,0.00000000,0.00000000,0.00000000,1.10000000
5.00000000,0.00000000,0.00000000,70.00000000,0.00000000,1.00000000,0.00000000,0.00000000,0.00000000,1.10500000
5.00000000,0.00000000,0.00000000,70.00000000,0.00000000,1.00000000,0.00000000,0.00000000,0.00000000,1.11000000
5.00000000,-8.00000000,0.00000000,60.00000000,0.00000000,1.00000000,0.00000000,0.00000000,0.00000000,1.11500000
5.00000000,-8.00000000,0.00000000,60.00000000,0.00000000,1.00000000,0.00000000,0.00000000,0.00000000,1.12000000
5.00000000,-8.00000000,0.00000000,60.00000000,0.00000000,1.00000000,0.00000000,0.00000000,0.00000000,1.12500000
5.00000000,-8.00000000,0.00000000,60.00000000,0.00000000,1.00000000,0.00000000,0.00000000,0.00000000,1.13000000
5.00000000,-8.00000000,0.00000000,60.00000000,0.00000000,1.00000000,0.00000000,0.00000000,0.00000000,1.13500000
5.00000000,-8.00000000,0.00000000,60.00000000,0.00000000,1.00000000,0.00000000,0.00000000,0.00000000,1.14000000
5.00000000,-8.00000000,0.00000000,60.00000000,0.00000000,1.00000000,0.00000000,0.00000000,0.00000000,1.14500000
5.00000000,-8.00000000,0.00000000,60.00000000,0.00000000,1.00000000,0.00000000,0.00000000,0.00000000,1.15000000
5.00000000,-8.00000000,0.00000000,60.00000000,0.00000000,1.00000000,0.00000000,0.00000000,0.00000000,1.15500000
5.00000000,-8.00000000,0.00000000,60.00000000,0.00000000,1.00000000,0.00000000,0.00000000,0.00000000,1.16000000
5.00000000,-8.00000000,0.00000000,60.00000000,0.00000000,1.00000000,0.00000000,0.00000000,0.00000000,1.16500000
5.00000000,-8.00000000,0.00000000,60.00000000,0.00000000,1.00000000,0.00000000,0.00000000,0.00000000,1.17000000
5.00000000,-8.00000000,0.00000000,60.00000000,0.00000000,1.00000000,0.00000000,0.00000000,0.00000000,1.17500000
5.00000000,-8.00000000,0.00000000,60.00000000,0.00000000,1.00000000,0.00000000,0.00000000,0.00000000,1.18000000
5.00000000,-8.00000000,0.00000000,60.00000000,0.00000000,1.00000000,0.00000000,0.00000000,0.00000000,1.18500000
5.00000000,-8.00000000,0.00000000,60.00000000,0.00000000,1.00000000,0.00000000,0.00000000,0.00000000,1.19000000
5.00000000,-8.00000000,0.00000000,60.00000000,0.00000000,1.00000000,0.00000000,0.00000000,0.00000000,1.19500000
5.00000000,-8.00000000,0.00000000,60.00000000,0.00000000,1.00000000,0.00000000,0.00000000,0.00000000,1.20000000
5.00000000,-8.00000000,0.00000000,60.00000000,0.00000000,1.00000000,0.00000000,0.00000000,0.00000000,1.20500000
5.00000000,-8.00000000,0.00000000,60.00000000,0.00000000,1.00000000,0.00000000,0.00000000,0.00000000,1.21000000
5.00000000,-8.00000000,0.00000000,60.00000000,0.00000000,1.00000000,0.00000000,0.00000000,0.00000000,1.21500000
5.00000000,-8.00000000,0.00000000,60.00000000,0.00000000,1.00000000,0.00000000,0.00000000,0.00000000,1.22000000
5.00000000,-8.00000000,0.00000000,60.00000000,0.00000000,1.00000000,0.00000000,0.00000000,0.00000000,1.22500000
5.00000000,-8.00000000,0.00000000,60.00000000,0.00000000,1.00000000,0.00000000,0.00000000,0.00000000,1.23000000
5.00000000,5.00000000,0.00000000,60.00000000,0.00000000,1.00000000,0.00000000,0.00000000,0.00000000,1.23500000
5.00000000,5.00000000,0.00000000,60.00000000,0.00000000,1.00000000,0.00000000,0.00000000,0.00000000,1.24000000
5.00000000,5.00000000,0.00000000,60.00000000,0.00000000,1.00000000,0.00000000,0.00000000,0.00000000,1.24500000
5.00000000,5.00000000,0.00000000,60.00000000,0.00000000,1.00000000,0.00000000,0.00000000,0.00000000,1.25000000
5.00000000,5.00000000,0.00000000,60.00000000,0.00000000,1.00000000,0.00000000,0.00000000,0.00000000,1.25500000
5.00000000,5.00000000,0.00000000,60.00000000,0.00000000,1.00000000,0.00000000,0.00000000,0.00000000,1.26000000
5.00000000,5.00000000,0.00000000,60.00000000,0.00000000,1.00000000,0.00000000,0.00000000,0.00000000,1.26500000
5.00000000,5.00000000,0.00000000,60.00000000,0.00000000,1.00000000,0.00000000,0.00000000,0.00000000,1.27000000
5.00000000,5.00000000,0.00000000,60.00000000,0.00000000,1.00000000,0.00000000,0.00000000,0.00000000,1.27500000
5.00000000,5.00000000,0.00000000,60.00000000,0.00000000,1.00000000,0.00000000,0.00000000,0.00000000,1.28000000
5.00000000,5.00000000,0.00000000,60.00000000,0.00000000,1.00000000,0.00000000,0.00000000,0.00000000,1.28500000
5.00000000,5.00000000,0.00000000,60.00000000,0.00000000,1.00000000,0.00000000,0.00000000,0.00000000,1.29000000
5.00000000,5.00000000,0.00000000,60.00000000,0.00000000,1.00000000,0.00000000,0.00000000,0.00000000,1.29500000
5.00000000,5.00000000,0.00000000,60.00000000,0.00000000,1.00000000,0.00000000,0.00000000,0.00000000,1.30000000
5.00000000,5.00000000,0.00000000,60.00000000,0.00000000,1.00000000,0.00000000,0.00000000,0.00000000,1.30500000
5.00000000,5.00000000,0.00000000,60.00000000,0.00000000,1.00000000,0.00000000,0.00000000,0.00000000,1.31000000
5.00000000,5.00000000,0.00000000,60.00000000,0.00000000,1.00000000,0.00000000,0.00000000,0.00000000,1.31500000
5.00000000,5.00000000,0.00000000,60.00000000,0.00000000,1.00000000,0.00000000,0.00000000,0.00000000,1.32000000
5.00000000,5.00000000,0.00000000,60.00000000,0.00000000,1.00000000,0.00000000,0.00000000,0.00000000,1.32500000
5.00000000,5.00000000,0.00000000,60.00000000,0.00000000,1.00000000,0.00000000,0.00000000,0.00000000,1.33000000
5.00000000,0.00000000,0.00000000,60.00000000,0.00000000,1.00000000,0.00000000,0.00000000,0.00000000,1.33500000
5.00000000,0.00000000,0.00000000,60.00000000,0.00000000,1.00000000,0.00000000,0.00000000,0.00000000,1.34000000
5.00000000,0.00000000,0.00000000,60.00000000,0.00000000,1.00000000,0.00000000,0.00000000,0.00000000,1.34500000
5.00000000,0.00000000,0.00000000,60.00000000,0.00000000,1.00000000,0.00000000,0.00000000,0.00000000,1.35000000
5.00000000,0.00000000,0.00000000,60.00000000,0.00000000,1.00000000,0.00000000,0.00000000,0.00000000,1.35500000
5.00000000,0.00000000,0.00000000,60.00000000,0.00000000,1.00000000,0.00000000,0.00000000,0.00000000,1.36000000
5.00000000,0.00000000,0.00000000,60.00000000,0.00000000,1.00000000,0.00000000,0.00000000,0.00000000,1.36500000
5.00000000,0.00000000,0.00000000,60.00000000,0.00000000,1.00000000,0.00000000,0.00000000,0.00000000,1.37000000
5.00000000,0.00000000,0.00000000,60.00000000,0.00000000,1.00000000,0.00000000,0.00000000,0.00000000,1.37500000
5.00000000,0.00000000,0.00000000,60.00000000,0.00000000,1.00000000,0.00000000,0.00000000,0.00000000,1.38000000
5.00000000,0.00000000,0.00000000,60.00000000,0.00000000,1.00000000,0.00000000,0.00000000,0.00000000,1.38500000
5.00000000,0.00000000,0.00000000,60.00000000,0.00000000,1.00000000,0.00000000,0.00000000,0.00000000,1.39000000
5.00000000,-5.00000000,0.00000000,60.00000000,0.00000000,1.00000000,0.00000000,0.00000000,0.00000000,1.39500000
5.00000000,-5.00000000,0.00000000,60.00000000,0.00000000,1.00000000,0.00000000,0.00000000,0.00000000,1.40000000
5.00000000,-5.00000000,0.00000000,60.00000000,0.00000000,1.00000000,0.00000000,0.00000000,0.00000000,1.40500000
5.00000000,-5.00000000,0.00000000,60.00000000,0.00000000,1.00000000,0.00000000,0.00000000,0.00000000,1.41000000
5.00000000,-5.00000000,0.00000000,60.00000000,0.00000000,1.00000000,0.00000000,0.00000000,0.00000000,1.41500000
5.00000000,-5.00000000,0.00000000,60.00000000,0.00000000,1.00000000,0.00000000,0.00000000,0.00000000,1.42000000
5.00000000,-5.00000000,0.00000000,60.00000000,0.00000000,1.00000000,0.00000000,0.00000000,0.00000000,1.42500000
5.00000000,-5.00000000,0.00000000,60.00000000,0.00000000,1.00000000,0.00000000,0.00000000,0.00000000,1.43000000
5.00000000,-5.00000000,0.00000000,60.00000000,0.00000000,1.00000000,0.00000000,0.00000000,0.00000000,1.43500000
5.00000000,-5.00000000,0.00000000,60.00000000,0.00000000,1.00000000,0.00000000,0.00000000,0.00000000,1.44000000
5.00000000,-5.00000000,0.00000000,60.00000000,0.00000000,1.00000000,0.00000000,0.00000000,0.00000000,1.44500000
5.00000000,-5.00000000,0.00000000,60.00000000,0.00000000,1.00000000,0.00000000,0.00000000,0.00000000,1.45000000
5.00000000,-5.00000000,0.00000000,60.00000000,0.00000000,1.00000000,0.00000000,0.00000000,0.00000000,1.45500000
5.00000000,-5.00000000,0.00000000,60.00000000,0.00000000,1.00000000,0.00000000,0.00000000,0.00000000,1.46000000
5.00000000,-5.00000000,0.00000000,60.00000000,0.00000000,1.00000000,0.00000000,0.00000000,0.00000000,1.46500000
5.00000000,-5.00000000,0.00000000,60.00000000,0.00000000,1.00000000,0.00000000,0.00000000,0.00000000,1.47000000
5.00000000,-5.00000000,0.00000000,60.00000000,0.00000000,1.00000000,0.00000000,0.00000000,0.00000000,1.47500000
5.00000000,-5.00000000,0.00000000,60.00000000,0.00000000,1.00000000,0.00000000,0.00000000,0.00000000,1.48000000
5.00000000,-5.00000000,0.00000000,60.00000000,0.00000000,1.00000000,0.00000000,0.00000000,0.00000000,1.48500000
5.00000000,-5.00000000,0.00000000,60.00000000,0.00000000,1.00000000,0.00000000,0.00000000,0.00000000,1.49000000
5.00000000,-5.00000000,0.00000000,60.00000000,0.00000000,1.00000000,0.00000000,0.00000000,0.00000000,1.49500000
5.00000000,-5.00000000,0.00000000,60.00000000,0.00000000,1.00000000,0.00000000,0.00000000,0.00000000,1.50000000
5.00000000,-5.00000000,0.00000000,60.00000000,0.00000000,1.00000000,0.00000000,0.00000000,0.00000000,1.50500000
5.00000000,-5.00000000,0.00000000,60.00000000,0.00000000,1.00000000,0.00000000,0.00000000,0.00000000,1.51000000
5.00000000,5.00000000,0.00000000,90.00000000,0.00000000,1.00000000,0.00000000,0.00000000,0.00000000,1.51500000
5.00000000,5.00000000,0.00000000,90.00000000,0.00000000,1.00000000,0.00000000,0.00000000,0.00000000,1.52000000
5.00000000,5.00000000,0.00000000,90.00000000,0.00000000,1.00000000,0.00000000,0.00000000,0.00000000,1.52500000
5.00000000,5.00000000,0.00000000,90.00000000,0.00000000,1.00000000,0.00000000,0.00000000,0.00000000,1.53000000
5.00000000,5.00000000,0.00000000,90.00000000,0.00000000,1.00000000,0.00000000,0.00000000,0.00000000,1.53500000
5.00000000,5.00000000,0.00000000,90.00000000,0.00000000,1.00000000,0.00000000,0.00000000,0.00000000,1.54000000
5.00000000,5.00000000,0.00000000,90.00000000,0.00000000,1.00000000,0.00000000,0.00000000,0.00000000,1.54500000
5.00000000,5.00000000,0.00000000,90.00000000,0.00000000,1.00000000,0.00000000,0.00000000,0.00000000,1.55000000
5.00000000,5.00000000,0.00000000,90.00000000,0.00000000,1.00000000,0.00000000,0.00000000,0.00000000,1.55500000
5.00000000,5.00000000,0.00000000,90.00000000,0.00000000,1.00000000,0.00000000,0.00000000,0.00000000,1.56000000
5.00000000,5.00000000,0.00000000,90.00000000,0.00000000,1.00000000,0.00000000,0.00000000,0.00000000,1.56500000
5.00000000,5.00000000,0.00000000,90.00000000,0.00000000,1.00000000,0.00000000,0.00000000,0.00000000,1.57000000
5.00000000,5.00000000,0.00000000,90.00000000,0.00000000,1.00000000,0.00000000,0.00000000,0.00000000,1.57500000
5.00000000,5.00000000,0.00000000,90.00000000,0.00000000,1.00000000,0.00000000,0.00000000,0.00000000,1.58000000
5.00000000,5.00000000,0.00000000,90.00000000,0.00000000,1.00000000,0.00000000,0.00000000,0.00000000,1.58500000
5.00000000,5.00000000,0.00000000,90.00000000,0.00000000,1.00000000,0.00000000,0.00000000,0.00000000,1.59000000
5.00000000,5.00000000,0.00000000,90.00000000,0.00000000,1.00000000,0.00000000,0.00000000,0.00000000,1.59500000
5.00000000,5.00000000,0.00000000,90.00000000,0.00000000,1.00000000,0.00000000,0.00000000,0.00000000,1.60000000
5.00000000,5.00000000,0.00000000,90.00000000,0.00000000,1.00000000,0.00000000,0.00000000,0.00000000,1.60500000
5.00000000,5.00000000,0.00000000,90.00000000,0.00000000,1.00000000,0.00000000,0.00000000,0.00000000,1.61000000
5.00000000,0.00000000,0.00000000,90.00000000,0.00000000,1.00000000,0.00000000,0.00000000,0.00000000,1.61500000
5.00000000,0.00000000,0.00000000,90.00000000,0.00000000,1.00000000,0.00000000,0.00000000,0.00000000,1.62000000
5.00000000,0.00000000,0.00000000,90.00000000,0.00000000,1.00000000,0.00000000,0.00000000,0.00000000,1.62500000
5.00000000,0.00000000,0.00000000,90.00000000,0.00000000,1.00000000,0.00000000,0.00000000,0.00000000,1.63000000
5.00000000,0.00000000,0.00000000,90.00000000,0.00000000,1.00000000,0.00000000,0.00000000,0.00000000,1.63500000
5.00000000,0.00000000,0.00000000,90.00000000,0.00000000,1.00000000,0.00000000,0.00000000,0.00000000,1.64000000
5.00000000,0.00000000,0.00000000,90.00000000,0.00000000,1.00000000,0.00000000,0.00000000,0.00000000,1.64500000
5.00000000,0.00000000,0.00000000,90.00000000,0.00000000,1.00000000,0.00000000,0.00000000,0.00000000,1.65000000
5.00000000,0.00000000,0.00000000,90.00000000,0.00000000,1.00000000,0.00000000,0.00000000,0.00000000,1.65500000
5.00000000,0.00000000,0.00000000,90.00000000,0.00000000,1.00000000,0.00000000,0.00000000,0.00000000,1.66000000
5.00000000,0.00000000,0.00000000,90.00000000,0.00000000,1.00000000,0.00000000,0.00000000,0.00000000,1.66500000
5.00000000,0.00000000,0.00000000,90.00000000,0.00000000,1.00000000,0.00000000,0.00000000,0.00000000,1.67000000
5.00000000,0.00000000,0.00000000,90.00000000,0.00000000,1.00000000,0.00000000,0.00000000,0.00000000,1.67500000
5.00000000,0.00000000,0.00000000,90.00000000,0.00000000,1.00000000,0.00000000,0.00000000,0.00000000,1.68000000
5.00000000,0.00000000,0.00000000,90.00000000,0.00000000,1.00000000,0.00000000,0.00000000,0.00000000,1.68500000
5.00000000,0.00000000,0.00000000,90.00000000,0.00000000,1.00000000,0.00000000,0.00000000,0.00000000,1.69000000
5.00000000,0.00000000,0.00000000,90.00000000,0.00000000,1.00000000,0.00000000,0.00000000,0.00000000,1.69500000
5.00000000,0.00000000,0.00000000,90.00000000,0.00000000,1.00000000,0.00000000,0.00000000,0.00000000,1.70000000
5.00000000,0.00000000,0.00000000,90.00000000,0.00000000,1.00000000,0.00000000,0.00000000,0.00000000,1.70500000
5.00000000,0.00000000,0.00000000,90.00000000,0.00000000,1.00000000,0.00000000,0.00000000,0.00000000,1.71000000
5.00000000,0.00000000,0.00000000,90.00000000,0.00000000,1.00000000,0.00000000,0.00000000,0.00000000,1.71500000
5.00000000,0.00000000,0.00000000,90.00000000,0.00000000,1.00000000,0.00000000,0.00000000,0.00000000,1.72000000
5.00000000,0.00000000,0.00000000,90.00000000,0.00000000,1.00000000,0.00000000,0.00000000,0.00000000,1.72500000
5.00000000,0.00000000,0.00000000,90.00000000,0.00000000,1.00000000,0.00000000,0.00000000,0.00000000,1.73000000
5.00000000,0.00000000,0.00000000,90.00000000,0.00000000,1.00000000,0.00000000,0.00000000,0.00000000,1.73500000
5.00000000,0.00000000,0.00000000,90.00000000,0.00000000,1.00000000,0.00000000,0.00000000,0.00000000,1.74000000
5.00000000,0.00000000,0.00000000,90.00000000,0.00000000,1.00000000,0.00000000,0.00000000,0.00000000,1.74500000
5.00000000,0.00000000,0.00000000,90.00000000,0.00000000,1.00000000,0.00000000,0.00000000,0.00000000,1.75000000
5.00000000,0.00000000,0.00000000,90.00000000,0.00000000,1.00000000,0.00000000,0.00000000,0.00000000,1.75500000
5.00000000,0.00000000,0.00000000,90.00000000,0.00000000,1.00000000,0.00000000,0.00000000,0.00000000,1.76000000
5.00000000,0.00000000,0.00000000,90.00000000,0.00000000,1.00000000,0.00000000,0.00000000,0.00000000,1.76500000
5.00000000,0.00000000,0.00000000,90.00000000,0.00000000,1.00000000,0.00000000,0.00000000,0.00000000,1.77000000
5.00000000,0.00000000,0.00000000,90.00000000,0.00000000,1.00000000,0.00000000,0.00000000,0.00000000,1.77500000
5.00000000,0.00000000,0.00000000,90.00000000,0.00000000,1.00000000,0.00000000,0.00000000,0.00000000,1.78000000
5.00000000,0.00000000,0.00000000,90.00000000,0.00000000,1.00000000,0.00000000,0.00000000,0.00000000,1.78500000
5.00000000,0.00000000,0.00000000,90.00000000,0.00000000,1.00000000,0.00000000,0.00000000,0.00000000,1.79000000
5.00000000,0.00000000,0.00000000,90.00000000,0.00000000,1.00000000,0.00000000,0.00000000,0.00000000,1.79500000
5.00000000,0.00000000,0.00000000,90.00000000,0.00000000,1.00000000,0.00000000,0.00000000,0.00000000,1.80000000
5.00000000,0.00000000,0.00000000,90.00000000,0.00000000,1.00000000,0.00000000,0.00000000,0.00000000,1.80500000
5.00000000,0.00000000,0.00000000,90.00000000,0.00000000,1.00000000,0.00000000,0.00000000,0.00000000,1.81000000
5.00000000,0.00000000,0.00000000,90.00000000,0.00000000,1.00000000,0.00000000,0.00000000,0.00000000,1.81500000
5.00000000,0.00000000,0.00000000,90.00000000,0.00000000,1.00000000,0.00000000,0.00000000,0.00000000,1.82000000
5.00000000,0.00000000,0.00000000,90.00000000,0.00000000,1.00000000,0.00000000,0.00000000,0.00000000,1.82500000
5.00000000,0.00000000,0.00000000,90.00000000,0.00000000,1.00000000,0.00000000,0.00000000,0.00000000,1.83000000
5.00000000,0.00000000,0.00000000,90.00000000,0.00000000,1.00000000,0.00000000,0.00000000,0.00000000,1.83500000
5.00000000,0.00000000,0.00000000,90.00000000,0.00000000,1.00000000,0.00000000,0.00000000,0.00000000,1.84000000
5.00000000,0.00000000,0.00000000,90.00000000,0.00000000,1.00000000,0.00000000,0.00000000,0.00000000,1.84500000
5.00000000,0.00000000,0.00000000,90.00000000,0.00000000,1.00000000,0.00000000,0.00000000,0.00000000,1.85000000
5.00000000,0.00000000,0.00000000,90.00000000,0.00000000,1.00000000,0.00000000,0.00000000,0.00000000,1.85500000
5.00000000,0.00000000,0.00000000,90.00000000,0.00000000,1.00000000,0.00000000,0.00000000,0.00000000,1.86000000
5.00000000,0.00000000,0.00000000,90.00000000,0.00000000,1.00000000,0.00000000,0.00000000,0.00000000,1.86500000
5.00000000,0.00000000,0.00000000,90.00000000,0.00000000,1.00000000,0.00000000,0.00000000,0.00000000,1.87000000
5.00000000,0.00000000,0.00000000,90.00000000,0.00000000,1.00000000,0.00000000,0.00000000,0.00000000,1.87500000
5.00000000,0.00000000,0.00000000,90.00000000,0.00000000,1.00000000,0.00000000,0.00000000,0.00000000,1.88000000
5.00000000,0.00000000,0.00000000,90.00000000,0.00000000,1.00000000,0.00000000,0.00000000,0.00000000,1.88500000
5.00000000,0.00000000,0.00000000,90.00000000,0.00000000,1.00000000,0.00000000,0.00000000,0.00000000,1.89000000
5.00000000,0.00000000,0.00000000,90.00000000,0.00000000,1.00000000,0.00000000,0.00000000,0.00000000,1.89500000
5.00000000,0.00000000,0.00000000,90.00000000,0.00000000,1.00000000,0.00000000,0.00000000,0.00000000,1.90000000
5.00000000,0.00000000,0.00000000,90.00000000,0.00000000,1.00000000,0.00000000,0.00000000,0.00000000,1.90500000
5.00000000,0.00000000,0.00000000,90.00000000,0.00000000,1.00000000,0.00000000,0.00000000,0.00000000,1.91000000
5.00000000,0.00000000,0.00000000,90.00000000,0.00000000,1.00000000,0.00000000,0.00000000,0.00000000,1.91500000
5.00000000,0.00000000,0.00000000,90.00000000,0.00000000,1.00000000,0.00000000,0.00000000,0.00000000,1.92000000
5.00000000,0.00000000,0.00000000,90.00000000,0.00000000,1.00000000,0.00000000,0.00000000,0.00000000,1.92500000
5.00000000,0.00000000,0.00000000,90.00000000,0.00000000,1.00000000,0.00000000,0.00000000,0.00000000,1.93000000
5.00000000,0.00000000,0.00000000,90.00000000,0.00000000,1.00000000,0.00000000,0.00000000,0.00000000,1.93500000
5.00000000,0.00000000,0.00000000,90.00000000,0.00000000,1.00000000,0.00000000,0.00000000,0.00000000,1.94000000
5.00000000,0.00000000,0.00000000,90.00000000,0.00000000,1.00000000,0.00000000,0.00000000,0.00000000,1.94500000
5.00000000,0.00000000,0.00000000,90.00000000,0.00000000,1.00000000,0.00000000,0.00000000,0.00000000,1.95000000
5.00000000,0.00000000,0.00000000,90.00000000,0.00000000,1.00000000,0.00000000,0.00000000,0.00000000,1.95500000
5.00000000,0.00000000,0.00000000,90.00000000,0.00000000,1.00000000,0.00000000,0.00000000,0.00000000,1.96000000
5.00000000,-30.00000000,0.00000000,90.00000000,0.00000000,1.00000000,0.00000000,0.00000000,0.00000000,1.96500000
5.00000000,-30.00000000,0.00000000,90.00000000,0.00000000,1.00000000,0.00000000,0.00000000,0.00000000,1.97000000
5.00000000,-30.00000000,0.00000000,90.00000000,0.00000000,1.00000000,0.00000000,0.00000000,0.00000000,1.97500000
5.00000000,-30.00000000,0.00000000,90.00000000,0.00000000,1.00000000,0.00000000,0.00000000,0.00000000,1.98000000
5.00000000,-30.00000000,0.00000000,90.00000000,0.00000000,1.00000000,0.00000000,0.00000000,0.00000000,1.98500000
5.00000000,-30.00000000,0.00000000,90.00000000,0.00000000,1.00000000,0.00000000,0.00000000,0.00000000,1.99000000
5.00000000,-30.00000000,0.00000000,90.00000000,0.00000000,1.00000000,0.00000000,0.00000000,0.00000000,1.99500000
5.00000000,-30.00000000,0.00000000,90.00000000,0.00000000,1.00000000,0.00000000,0.00000000,0.00000000,2.00000000
5.00000000,-30.00000000,0.00000000,90.00000000,0.00000000,1.00000000,0.00000000,0.00000000,0.00000000,2.00500000
5.00000000,-30.00000000,0.00000000,90.00000000,0.00000000,1.00000000,0.00000000,0.00000000,0.00000000,2.01000000
5.00000000,-30.00000000,0.00000000,90.00000000,0.00000000,1.00000000,0.00000000,0.00000000,0.00000000,2.01500000
5.00000000,-30.00000000,0.00000000,90.00000000,0.00000000,1.00000000,0.00000000,0.00000000,0.00000000,2.02000000
5.00000000,-30.00000000,0.00000000,90.00000000,0.00000000,1.00000000,0.00000000,0.00000000,0.00000000,2.02500000
5.00000000,-30.00000000,0.00000000,90.00000000,0.00000000,1.00000000,0.00000000,0.00000000,0.00000000,2.03000000
5.00000000,-30.00000000,0.00000000,90.00000000,0.00000000,1.00000000,0.00000000,0.00000000,0.00000000,2.03500000
5.00000000,-30.00000000,0.00000000,90.00000000,0.00000000,1.00000000,0.00000000,0.00000000,0.00000000,2.04000000
5.00000000,-30.00000000,0.00000000,90.00000000,0.00000000,1.00000000,0.00000000,0.00000000,0.00000000,2.04500000
5.00000000,-30.00000000,0.00000000,90.00000000,0.00000000,1.00000000,0.00000000,0.00000000,0.00000000,2.05000000
5.00000000,-30.00000000,0.00000000,90.00000000,0.00000000,1.00000000,0.00000000,0.00000000,0.00000000,2.05500000
5.00000000,-30.00000000,0.00000000,90.00000000,0.00000000,1.00000000,0.00000000,0.00000000,0.00000000,2.06000000
5.00000000,-30.00000000,0.00000000,90.00000000,0.00000000,1.00000000,0.00000000,0.00000000,0.00000000,2.06500000
5.00000000,-30.00000000,0.00000000,90.00000000,0.00000000,1.00000000,0.00000000,0.00000000,0.00000000,2.07000000
5.00000000,-30.00000000,0.00000000,90.00000000,0.00000000,1.00000000,0.00000000,0.00000000,0.00000000,2.07500000
5.00000000,-30.00000000,0.00000000,90.00000000,0.00000000,1.00000000,0.00000000,0.00000000,0.00000000,2.08000000
5.00000000,-30.00000000,0.00000000,90.00000000,0.00000000,1.00000000,0.00000000,0.00000000,0.00000000,2.08500000
5.00000000,-30.00000000,0.00000000,90.00000000,0.00000000,1.00000000,0.00000000,0.00000000,0.00000000,2.09000000
5.00000000,-30.00000000,0.00000000,90.00000000,0.00000000,1.00000000,0.00000000,0.00000000,0.00000000,2.09500000
5.00000000,-30.00000000,0.00000000,90.00000000,0.00000000,1.00000000,0.00000000,0.00000000,0.00000000,2.10000000
5.00000000,-30.00000000,0.00000000,110.00000000,0.00000000,1.00000000,0.00000000,0.00000000,0.00000000,2.10500000
5.00000000,-30.00000000,0.00000000,110.00000000,0.00000000,1.00000000,0.00000000,0.00000000,0.00000000,2.11000000
5.00000000,10.00000000,0.00000000,110.00000000,0.00000000,1.00000000,0.00000000,0.00000000,0.00000000,2.11500000
5.00000000,10.00000000,0.00000000,110.00000000,0.00000000,1.00000000,0.00000000,0.00000000,0.00000000,2.12000000
5.00000000,10.00000000,0.00000000,110.00000000,0.00000000,1.00000000,0.00000000,0.00000000,0.00000000,2.12500000
5.00000000,10.00000000,0.00000000,110.00000000,0.00000000,1.00000000,0.00000000,0.00000000,0.00000000,2.13000000
5.00000000,10.00000000,0.00000000,110.00000000,0.00000000,1.00000000,0.00000000,0.00000000,0.00000000,2.13500000
5.00000000,10.00000000,0.00000000,110.00000000,0.00000000,1.00000000,0.00000000,0.00000000,0.00000000,2.14000000
5.00000000,10.00000000,0.00000000,110.00000000,0.00000000,1.00000000,0.00000000,0.00000000,0.00000000,2.14500000
5.00000000,10.00000000,0.00000000,110.00000000,0.00000000,1.00000000,0.00000000,0.00000000,0.00000000,2.15000000
5.00000000,10.00000000,0.00000000,140.00000000,0.00000000,1.00000000,0.00000000,0.00000000,0.00000000,2.15500000
5.00000000,10.00000000,0.00000000,140.00000000,0.00000000,1.00000000,0.00000000,0.00000000,0.00000000,2.16000000
5.00000000,10.00000000,0.00000000,140.00000000,0.00000000,1.00000000,0.00000000,0.00000000,0.00000000,2.16500000
5.00000000,10.00000000,0.00000000,140.00000000,0.00000000,1.00000000,0.00000000,0.00000000,0.00000000,2.17000000
5.00000000,10.00000000,0.00000000,140.00000000,0.00000000,1.00000000,0.00000000,0.00000000,0.00000000,2.17500000
5.00000000,10.00000000,0.00000000,140.00000000,0.00000000,1.00000000,0.00000000,0.00000000,0.00000000,2.18000000
5.00000000,10.00000000,0.00000000,140.00000000,0.00000000,1.00000000,0.00000000,0.00000000,0.00000000,2.18500000
5.00000000,10.00000000,0.00000000,140.00000000,0.00000000,1.00000000,0.00000000,0.00000000,0.00000000,2.19000000
5.00000000,10.00000000,0.00000000,140.00000000,0.00000000,1.00000000,0.00000000,0.00000000,0.00000000,2.19500000
5.00000000,10.00000000,0.00000000,140.00000000,0.00000000,1.00000000,0.00000000,0.00000000,0.00000000,2.20000000
5.00000000,10.00000000,0.00000000,140.00000000,0.00000000,1.00000000,0.00000000,0.00000000,0.00000000,2.20500000
5.00000000,10.00000000,0.00000000,140.00000000,0.00000000,1.00000000,0.00000000,0.00000000,0.00000000,2.21000000
5.00000000,10.00000000,0.00000000,140.00000000,0.00000000,1.00000000,0.00000000,0.00000000,0.00000000,2.21500000
5.00000000,10.00000000,0.00000000,140.00000000,0.00000000,1.00000000,0.00000000,0.00000000,0.00000000,2.22000000
5.00000000,10.00000000,0.00000000,140.00000000,0.00000000,1.00000000,0.00000000,0.00000000,0.00000000,2.22500000
5.00000000,10.00000000,0.00000000,140.00000000,0.00000000,1.00000000,0.00000000,0.00000000,0.00000000,2.23000000
5.00000000,10.00000000,0.00000000,140.00000000,0.00000000,1.00000000,0.00000000,0.00000000,0.00000000,2.23500000
5.00000000,10.00000000,0.00000000,140.00000000,0.00000000,1.00000000,0.00000000,0.00000000,0.00000000,2.24000000
5.00000000,10.00000000,0.00000000,140.00000000,0.00000000,1.00000000,0.00000000,0.00000000,0.00000000,2.24500000
5.00000000,10.00000000,0.00000000,140.00000000,0.00000000,1.00000000,0.00000000,0.00000000,0.00000000,2.25000000
5.00000000,10.00000000,0.00000000,140.00000000,0.00000000,1.00000000,0.00000000,0.00000000,0.00000000,2.25500000
5.00000000,10.00000000,0.00000000,140.00000000,0.00000000,1.00000000,0.00000000,0.00000000,0.00000000,2.26000000
5.00000000,10.00000000,0.00000000,140.00000000,0.00000000,1.00000000,0.00000000,0.00000000,0.00000000,2.26500000
5.00000000,10.00000000,0.00000000,140.00000000,0.00000000,1.00000000,0.00000000,0.00000000,0.00000000,2.27000000
5.00000000,0.00000000,0.00000000,140.00000000,0.00000000,1.00000000,0.00000000,0.00000000,0.00000000,2.27500000
5.00000000,0.00000000,0.00000000,140.00000000,0.00000000,1.00000000,0.00000000,0.00000000,0.00000000,2.28000000
5.00000000,0.00000000,0.00000000,140.00000000,0.00000000,1.00000000,0.00000000,0.00000000,0.00000000,2.28500000
5.00000000,0.00000000,0.00000000,140.00000000,0.00000000,1.00000000,0.00000000,0.00000000,0.00000000,2.29000000
5.00000000,0.00000000,0.00000000,140.00000000,0.00000000,1.00000000,0.00000000,0.00000000,0.00000000,2.29500000
5.00000000,0.00000000,0.00000000,140.00000000,0.00000000,1.00000000,0.00000000,0.00000000,0.00000000,2.30000000
5.00000000,0.00000000,0.00000000,140.00000000,0.00000000,1.00000000,0.00000000,0.00000000,0.00000000,2.30500000
5.00000000,0.00000000,0.00000000,140.00000000,0.00000000,1.00000000,0.00000000,0.00000000,0.00000000,2.31000000
5.00000000,0.00000000,0.00000000,140.00000000,0.00000000,1.00000000,0.00000000,0.00000000,0.00000000,2.31500000
5.00000000,0.00000000,0.00000000,140.00000000,0.00000000,1.00000000,0.00000000,0.00000000,0.00000000,2.32000000
5.00000000,0.00000000,0.00000000,140.00000000,0.00000000,1.00000000,0.00000000,0.00000000,0.00000000,2.32500000
5.00000000,0.00000000,0.00000000,140.00000000,0.00000000,1.00000000,0.00000000,0.00000000,0.00000000,2.33000000
5.00000000,0.00000000,0.00000000,140.00000000,0.00000000,1.00000000,0.00000000,0.00000000,0.00000000,2.33500000
5.00000000,0.00000000,0.00000000,140.00000000,0.00000000,1.00000000,0.00000000,0.00000000,0.00000000,2.34000000
5.00000000,0.00000000,0.00000000,140.00000000,0.00000000,1.00000000,0.00000000,0.00000000,0.00000000,2.34500000
5.00000000,0.00000000,0.00000000,140.00000000,0.00000000,1.00000000,0.00000000,0.00000000,0.00000000,2.35000000
5.00000000,0.00000000,0.00000000,140.00000000,0.00000000,1.00000000,0.00000000,0.00000000,0.00000000,2.35500000
5.00000000,0.00000000,0.00000000,140.00000000,0.00000000,1.00000000,0.00000000,0.00000000,0.00000000,2.36000000
5.00000000,0.00000000,0.00000000,140.00000000,0.00000000,1.00000000,0.00000000,0.00000000,0.00000000,2.36500000
5.00000000,0.00000000,0.00000000,140.00000000,0.00000000,1.00000000,0.00000000,0.00000000,0.00000000,2.37000000
5.00000000,0.00000000,0.00000000,140.00000000,0.00000000,1.00000000,0.00000000,0.00000000,0.00000000,2.37500000
5.00000000,0.00000000,0.00000000,140.00000000,0.00000000,1.00000000,0.00000000,0.00000000,0.00000000,2.38000000
5.00000000,0.00000000,0.00000000,140.00000000,0.00000000,1.00000000,0.00000000,0.00000000,0.00000000,2.38500000
5.00000000,0.00000000,0.00000000,140.00000000,0.00000000,1.00000000,0.00000000,0.00000000,0.00000000,2.39000000
5.00000000,0.00000000,0.00000000,140.00000000,0.00000000,1.00000000,0.00000000,0.00000000,0.00000000,2.39500000
5.00000000,0.00000000,0.00000000,140.00000000,0.00000000,1.00000000,0.00000000,0.00000000,0.00000000,2.40000000
5.00000000,0.00000000,0.00000000,140.00000000,0.00000000,1.00000000,0.00000000,0.00000000,0.00000000,2.40500000
5.00000000,0.00000000,0.00000000,140.00000000,0.00000000,1.00000000,0.00000000,0.00000000,0.00000000,2.41000000
5.00000000,0.00000000,0.00000000,140.00000000,0.00000000,1.00000000,0.00000000,0.00000000,0.00000000,2.41500000
5.00000000,0.00000000,0.00000000,140.00000000,0.00000000,1.00000000,0.00000000,0.00000000,0.00000000,2.42000000
5.00000000,0.00000000,0.00000000,140.00000000,0.00000000,1.00000000,0.00000000,0.00000000,0.00000000,2.42500000
5.00000000,0.00000000,0.00000000,140.00000000,0.00000000,1.00000000,0.00000000,0.00000000,0.00000000,2.43000000
5.00000000,15.00000000,0.00000000,140.00000000,0.00000000,1.00000000,0.00000000,0.00000000,0.00000000,2.43500000
5.00000000,15.00000000,0.00000000,140.00000000,0.00000000,1.00000000,0.00000000,0.00000000,0.00000000,2.44000000
5.00000000,15.00000000,0.00000000,140.00000000,0.00000000,1.00000000,0.00000000,0.00000000,0.00000000,2.44500000
5.00000000,15.00000000,0.00000000,140.00000000,0.00000000,1.00000000,0.00000000,0.00000000,0.00000000,2.45000000
5.00000000,15.00000000,0.00000000,140.00000000,0.00000000,1.00000000,0.00000000,0.00000000,0.00000000,2.45500000
5.00000000,15.00000000,0.00000000,140.00000000,0.00000000,1.00000000,0.00000000,0.00000000,0.00000000,2.46000000
5.00000000,15.00000000,0.00000000,140.00000000,0.00000000,1.00000000,0.00000000,0.00000000,0.00000000,2.46500000
5.00000000,15.00000000,0.00000000,140.00000000,0.00000000,1.00000000,0.00000000,0.00000000,0.00000000,2.47000000
5.00000000,15.00000000,0.00000000,140.00000000,0.00000000,1.00000000,0.00000000,0.00000000,0.00000000,2.47500000
5.00000000,15.00000000,0.00000000,140.00000000,0.00000000,1.00000000,0.00000000,0.00000000,0.00000000,2.48000000
5.00000000,15.00000000,0.00000000,140.00000000,0.00000000,1.00000000,0.00000000,0.00000000,0.00000000,2.48500000
5.00000000,15.00000000,0.00000000,140.00000000,0.00000000,1.00000000,0.00000000,0.00000000,0.00000000,2.49000000
5.00000000,15.00000000,0.00000000,140.00000000,0.00000000,1.00000000,0.00000000,0.00000000,0.00000000,2.49500000
5.00000000,15.00000000,0.00000000,140.00000000,0.00000000,1.00000000,0.00000000,0.00000000,0.00000000,2.50000000
5.00000000,15.00000000,0.00000000,140.00000000,0.00000000,1.00000000,0.00000000,0.00000000,0.00000000,2.50500000
5.00000000,15.00000000,0.00000000,140.00000000,0.00000000,1.00000000,0.00000000,0.00000000,0.00000000,2.51000000
5.00000000,15.00000000,0.00000000,140.00000000,0.00000000,1.00000000,0.00000000,0.00000000,0.00000000,2.51500000
5.00000000,15.00000000,0.00000000,140.00000000,0.00000000,1.00000000,0.00000000,0.00000000,0.00000000,2.52000000
5.00000000,15.00000000,0.00000000,140.00000000,0.00000000,1.00000000,0.00000000,0.00000000,0.00000000,2.52500000
5.00000000,15.00000000,0.00000000,140.00000000,0.00000000,1.00000000,0.00000000,0.00000000,0.00000000,2.53000000
5.00000000,15.00000000,0.00000000,140.00000000,0.00000000,1.00000000,0.00000000,0.00000000,0.00000000,2.53500000
5.00000000,15.00000000,0.00000000,140.00000000,0.00000000,1.00000000,0.00000000,0.00000000,0.00000000,2.54000000
5.00000000,15.00000000,0.00000000,140.00000000,0.00000000,1.00000000,0.00000000,0.00000000,0.00000000,2.54500000
5.00000000,15.00000000,0.00000000,140.00000000,0.00000000,1.00000000,0.00000000,0.00000000,0.00000000,2.55000000
5.00000000,15.00000000,0.00000000,140.00000000,0.00000000,1.00000000,0.00000000,0.00000000,0.00000000,2.55500000
5.00000000,15.00000000,0.00000000,140.00000000,0.00000000,1.00000000,0.00000000,0.00000000,0.00000000,2.56000000
5.00000000,15.00000000,0.00000000,140.00000000,0.00000000,1.00000000,0.00000000,0.00000000,0.00000000,2.56500000
5.00000000,15.00000000,0.00000000,140.00000000,0.00000000,1.00000000,0.00000000,0.00000000,0.00000000,2.57000000
5.00000000,15.00000000,0.00000000,140.00000000,0.00000000,1.00000000,0.00000000,0.00000000,0.00000000,2.57500000
5.00000000,15.00000000,0.00000000,140.00000000,0.00000000,1.00000000,0.00000000,0.00000000,0.00000000,2.58000000
5.00000000,15.00000000,0.00000000,140.00000000,0.00000000,1.00000000,0.00000000,0.00000000,0.00000000,2.58500000
5.00000000,15.00000000,0.00000000,140.00000000,0.00000000,1.00000000,0.00000000,0.00000000,0.00000000,2.59000000
5.00000000,0.00000000,0.00000000,140.00000000,0.00000000,1.00000000,0.00000000,0.00000000,0.00000000,2.59500000
5.00000000,0.00000000,0.00000000,140.00000000,0.00000000,1.00000000,0.00000000,0.00000000,0.00000000,2.60000000
5.00000000,0.00000000,0.00000000,140.00000000,0.00000000,1.00000000,0.00000000,0.00000000,0.00000000,2.60500000
5.00000000,0.00000000,0.00000000,140.00000000,0.00000000,1.00000000,0.00000000,0.00000000,0.00000000,2.61000000
5.00000000,0.00000000,0.00000000,140.00000000,0.00000000,1.00000000,0.00000000,0.00000000,0.00000000,2.61500000
5.00000000,0.00000000,0.00000000,140.00000000,0.00000000,1.00000000,0.00000000,0.00000000,0.00000000,2.62000000
5.00000000,0.00000000,0.00000000,140.00000000,0.00000000,1.00000000,0.00000000,0.00000000,0.00000000,2.62500000
5.00000000,0.00000000,0.00000000,140.00000000,0.00000000,1.00000000,0.00000000,0.00000000,0.00000000,2.63000000
5.00000000,0.00000000,0.00000000,140.00000000,0.00000000,1.00000000,0.00000000,0.00000000,0.00000000,2.63500000
5.00000000,0.00000000,0.00000000,140.00000000,0.00000000,1.00000000,0.00000000,0.00000000,0.00000000,2.64000000
5.00000000,0.00000000,0.00000000,140.00000000,0.00000000,1.00000000,0.00000000,0.00000000,0.00000000,2.64500000
5.00000000,0.00000000,0.00000000,140.00000000,0.00000000,1.00000000,0.00000000,0.00000000,0.00000000,2.65000000
5.00000000,0.00000000,0.00000000,140.00000000,0.00000000,1.00000000,0.00000000,0.00000000,0.00000000,2.65500000
5.00000000,0.00000000,0.00000000,140.00000000,0.00000000,1.00000000,0.00000000,0.00000000,0.00000000,2.66000000
5.00000000,0.00000000,0.00000000,140.00000000,0.00000000,1.00000000,0.00000000,0.00000000,0.00000000,2.66500000
-4.00000000,0.00000000,0.00000000,140.00000000,0.00000000,1.00000000,0.00000000,0.00000000,0.00000000,2.67400000
0.00000000,0.00000000,0.00000000,0.00000000,0.00000000,1.00000000,0.00000000,0.00000000,0.00000000,2.67400000
